allele,seq_num,start,end,length,peptide,consensus_percentile_rank,ann_ic50,ann_rank,smm_ic50,smm_rank,comblib_sidney2008_score,comblib_sidney2008_rank
HLA-B*27:05,14,1,8,8,KRWIILGL,0.065,13.91,0.03,46.2913663777606,0.1,,
HLA-B*27:05,13,1,8,8,KRWIIIGL,0.07,16.74,0.04,44.719815178875116,0.1,,
HLA-B*27:05,18,1,8,8,KRWMILGL,0.11,12.57,0.02,59.91009386113552,0.2,,
HLA-B*27:05,16,1,8,8,KRWIIMGL,0.135,23.68,0.07,60.464435134476076,0.2,,
HLA-B*27:05,13,1,10,10,KRWIIIGLNK,0.16,12.22,0.02,27.6229463548749,0.3,,
HLA-B*27:05,17,1,9,9,KRWIIMGNK,0.2,33.73,0.11,28.61343517546416,0.2,0.0002798981319634363,13
HLA-B*27:05,15,1,9,9,KRWIILGNK,0.2,29.95,0.1,24.97870965940948,0.2,0.0002494594726942956,12
HLA-B*27:05,14,1,10,10,KRWIILGLNK,0.21500000000000002,13.82,0.03,37.60711342888662,0.4,,
HLA-B*27:05,16,1,10,10,KRWIIMGLNK,0.22,17.56,0.04,51.200004600651496,0.4,,
HLA-B*27:05,21,6,14,9,LRLGWEGLK,0.3,52.54,0.19,69.59371174713765,0.3,8.709635899560796e-05,3.9
HLA-B*27:05,12,2,9,8,RRGGIGGY,0.42500000000000004,182.9,0.65,97.16279515771073,0.2,,
HLA-B*27:05,18,1,10,10,KRWMILGLNK,0.46,10.39,0.02,98.68928442324624,0.9,,
HLA-B*27:05,21,6,13,8,LRLGWEGL,0.505,219.62,0.81,217.02012035683532,0.2,,
HLA-B*27:05,18,1,9,9,KRWMILGLN,0.51,133.87,0.51,56.3079867832115,0.3,0.00012531411749414168,5.6
HLA-B*27:05,13,1,9,9,KRWIIIGLN,0.54,145.15,0.54,56.698295101304495,0.3,4.988844874600127e-05,2.1
HLA-B*27:05,1,1,9,9,IRLRPGGKK,0.7,112.31,0.42,184.31895520844873,0.7,0.00017218685749860078,7.6
HLA-B*27:05,2,1,9,9,IRLRPGGRK,0.7,121.08,0.46,196.59388269454527,0.7,4.4258837236262736e-05,1.9
HLA-B*27:05,14,1,9,9,KRWIILGLN,0.77,211.79,0.77,63.03329354689461,0.3,0.0002280342072000421,9.8
HLA-B*27:05,21,6,15,10,LRLGWEGLKY,0.775,19.42,0.05,166.82840590363952,1.5,,
HLA-B*27:05,16,1,9,9,KRWIIMGLN,0.96,262.24,0.96,72.20545349990317,0.3,0.0002558585886905648,12
HLA-B*27:05,15,1,8,8,KRWIILGN,1.0,510.85,1.8,125.74768543676616,0.2,,
HLA-B*27:05,8,1,8,8,KQWIILGL,1.25,474.15,1.7,627.3356959840386,0.8,,
HLA-B*27:05,1,1,8,8,IRLRPGGK,1.4,472.55,1.7,808.1649291125393,1.1,,
HLA-B*27:05,18,2,10,9,RWMILGLNK,1.4,300.82,1.2,353.6470176714574,1.4,0.00025165177616146424,12
HLA-B*27:05,17,1,8,8,KRWIIMGN,1.6,1121.47,3.0,164.24796596746432,0.2,,
HLA-B*27:05,11,1,9,9,KRKGGIGGY,1.9,525.78,1.9,284.8196838269375,1,8.709635899560796e-05,3.9
HLA-B*27:05,2,1,8,8,IRLRPGGR,1.9000000000000001,684.82,2.2,1024.4717803103845,1.6,,
HLA-B*27:05,9,1,8,8,KQWIIMGL,2.0,1074.63,2.9,819.4076231802787,1.1,,
HLA-B*27:05,21,4,15,12,KGLRLGWEGLKY,2.1,619.82,2.1,,,,
HLA-B*27:05,12,1,9,9,KRRGGIGGY,2.2,673.03,2.2,283.51105624968255,1,9.772372209558111e-05,4.3
HLA-B*27:05,5,1,8,8,KKWIILGL,2.3,1178.84,3.1,991.9733392390818,1.5,,
HLA-B*27:05,15,2,9,8,RWIILGNK,2.3,1645.35,3.8,581.4334323084477,0.8,,
HLA-B*27:05,21,3,15,13,LKGLRLGWEGLKY,2.9,1033.43,2.9,,,,
HLA-B*27:05,14,2,10,9,RWIILGLNK,2.9,807.67,2.5,854.220520403663,2.9,0.0011240871934697293,35
HLA-B*27:05,13,2,10,9,RWIIIGLNK,3.1,950.49,2.7,971.784572121498,3.1,0.0011240871934697293,35
HLA-B*27:05,17,2,9,8,RWIIMGNK,3.2,2200.53,4.7,1192.6142658558233,1.7,,
HLA-B*27:05,21,3,14,12,LKGLRLGWEGLK,3.3,1303.37,3.3,,,,
HLA-B*27:05,6,1,8,8,KKWIIMGL,3.45,2473.81,5.0,1295.6866975170203,1.9,,
HLA-B*27:05,16,2,10,9,RWIIMGLNK,3.5,1116.08,3.0,1203.8434107869869,3.5,0.0008725694427701151,30
HLA-B*27:05,21,2,15,14,SLKGLRLGWEGLKY,3.5,1375.69,3.5,,,,
HLA-B*27:05,10,1,9,9,KRKGGIGEY,3.7,1554.46,3.7,407.9153046518566,1.6,0.0001122018454301963,5
HLA-B*27:05,7,1,8,8,KKWIVLGL,3.75,1784.27,4.1,2200.3917096374,3.4,,
HLA-B*27:05,8,1,10,10,KQWIILGLNK,3.8,441.35,1.6,1649.1873693272648,6,,
HLA-B*27:05,21,5,15,11,GLRLGWEGLKY,4.05,648.28,2.1,2214.0121507160547,6,,
HLA-B*27:05,7,1,10,10,KKWIVLGLNK,4.15,1070.54,2.9,1309.9960918073102,5.4,,
HLA-B*27:05,5,1,10,10,KKWIILGLNK,4.15,995.93,2.8,1368.5794042113234,5.5,,
HLA-B*27:05,21,2,14,13,SLKGLRLGWEGLK,4.3,1904.36,4.3,,,,
HLA-B*27:05,21,1,14,14,SSLKGLRLGWEGLK,4.3,1928.23,4.3,,,,
HLA-B*27:05,21,4,14,11,KGLRLGWEGLK,4.4,677.39,2.2,2416.462166679165,6.6,,
HLA-B*27:05,21,7,14,8,RLGWEGLK,4.65,2116.49,4.6,2907.3679594442333,4.7,,
HLA-B*27:05,9,1,10,10,KQWIIMGLNK,4.7,626.59,2.1,2245.2773743606126,7.3,,
HLA-B*27:05,6,1,10,10,KKWIIMGLNK,5.0,1377.17,3.5,1863.245152395924,6.5,,
HLA-B*27:05,18,2,9,8,RWMILGLN,5.15,6905.65,9.3,766.4785401625919,1,,
HLA-B*27:05,13,2,9,8,RWIIIGLN,5.7,7346.37,9.6,1257.4768543676616,1.8,,
HLA-B*27:05,7,2,10,9,KWIVLGLNK,5.8,3104.41,5.8,2579.7047301957505,5.3,0.003988411869090528,67
HLA-B*27:05,5,2,10,9,KWIILGLNK,5.9,3208.98,5.9,2544.3098543778638,5.2,0.0061773185859152,78
HLA-B*27:05,6,2,10,9,KWIIMGLNK,6.8,4076.69,6.8,3585.6673774891224,6.2,0.0047951257408135025,72
HLA-B*27:05,14,2,9,8,RWIILGLN,6.85,8826.07,12,1128.4959375277633,1.7,,
HLA-B*27:05,8,1,9,9,KQWIILGLN,6.9,4176.39,6.9,623.1175740220193,2.3,0.0021978598727848252,52
HLA-B*27:05,12,1,8,8,KRRGGIGG,7.05,8455.16,12,1401.1995849400082,2.1,,
HLA-B*27:05,9,1,9,9,KQWIIMGLN,7.5,4951.63,7.5,713.7892450843699,2.6,0.0024660393372343413,55
HLA-B*27:05,11,2,9,8,RKGGIGGY,7.6,7911.71,12,2082.0924052201194,3.2,,
HLA-B*27:05,3,2,10,9,GWIILGLNK,8.0,5432.21,8.0,3463.9371217884614,6,0.0028235793691102997,58
HLA-B*27:05,19,1,8,8,KTWIILGL,8.5,12072.39,15,1341.2199354053723,2,,
HLA-B*27:05,16,2,9,8,RWIIMGLN,8.8,10666.41,14,2314.7281860152475,3.6,,
HLA-B*27:05,8,2,10,9,QWIILGLNK,9.1,6713.58,9.1,5041.618738471978,7.5,0.00963385266142352,87
HLA-B*27:05,5,1,9,9,KKWIILGLN,9.2,6748.68,9.2,1612.7609527426507,4.2,0.0022407840267860573,52
HLA-B*27:05,11,1,8,8,KRKGGIGG,9.35,9860.93,13,3601.637503947281,5.7,,
HLA-B*27:05,3,1,8,8,KGWIILGL,9.95,16093.81,19,649.3816315762126,0.9,,
HLA-B*27:05,10,2,9,8,RKGGIGEY,10.05,14263.4,17,2039.3886596086181,3.1,,
HLA-B*27:05,6,1,9,9,KKWIIMGLN,11.0,7804.58,11,1847.438542824739,4.4,0.002514201030159023,55
HLA-B*27:05,7,1,9,9,KKWIVLGLN,11.0,7837.16,11,2170.5510268658322,4.8,0.0022929785918248207,53
HLA-B*27:05,21,5,14,10,GLRLGWEGLK,11.295,161.3,0.59,9800.991216790399,22,,
HLA-B*27:05,20,1,8,8,KTWIIMGL,11.3,16600.15,20,1751.8624342085666,2.6,,
HLA-B*27:05,21,7,15,9,RLGWEGLKY,12.0,8782.54,12,17888.33831820745,19,0.00012609561959936845,5.7
HLA-B*27:05,4,1,9,9,KKKGGIGGY,12.0,8311.4,12,7287.356233525281,9.7,0.0008558546212208237,30
HLA-B*27:05,9,2,10,9,QWIIMGLNK,12.0,8011.2,12,7105.096814042383,9.5,0.007478250350455649,82
HLA-B*27:05,10,1,8,8,KRKGGIGE,12.95,16305.54,19,4340.102636447449,6.9,,
HLA-B*27:05,19,1,10,10,KTWIILGLNK,13.5,9575.36,13,5061.392299442361,14,,
HLA-B*27:05,3,1,10,10,KGWIILGLNK,14.0,10066.29,13,5784.5556029044565,15,,
HLA-B*27:05,19,2,10,9,TWIILGLNK,14.0,10637.59,14,7287.356233525311,9.7,0.008527073373436288,85
HLA-B*27:05,2,2,9,8,RLRPGGRK,14.7,2774.5,5.4,16050.922580968963,24,,
HLA-B*27:05,1,2,9,8,RLRPGGKK,14.8,2967.58,5.6,16087.923778888013,24,,
HLA-B*27:05,20,2,10,9,TWIIMGLNK,15.0,12006.73,15,10269.989510017045,14,0.006619116119411212,80
HLA-B*27:05,20,1,10,10,KTWIIMGLNK,15.5,11188.78,14,6890.805631949901,17,,
HLA-B*27:05,4,2,9,8,KKGGIGGY,15.9,18566.19,22,6629.793476706692,9.8,,
HLA-B*27:05,21,4,13,10,KGLRLGWEGL,16.2,7095.45,9.4,10334.036710629609,23,,
HLA-B*27:05,21,2,10,9,SLKGLRLGW,22.0,18724.36,22,18688.30872929349,20,0.005403809120790774,75
HLA-B*27:05,21,5,13,9,GLRLGWEGL,22.0,19114.1,22,21309.340058454414,22,0.00041181295051385264,18
HLA-B*27:05,18,3,10,8,WMILGLNK,22.5,19818.12,23,14876.47374079503,22,,
HLA-B*27:05,19,1,9,9,KTWIILGLN,23.0,19424.53,23,7154.346992317335,9.5,0.0022630804869126914,52
HLA-B*27:05,5,2,9,8,KWIILGLN,23.85,29085.62,42,3593.3539675539046,5.7,,
HLA-B*27:05,20,1,9,9,KTWIIMGLN,25.0,20883.61,25,8195.397067291455,12,0.0025392180698867142,55
HLA-B*27:05,21,3,10,8,LKGLRLGW,25.5,27201.73,37,8600.030668888574,14,,
HLA-B*27:05,3,1,9,9,KGWIILGLN,27.0,22406.17,27,9431.266132593093,13,0.0022719564377352668,52
HLA-B*27:05,21,4,11,8,KGLRLGWE,27.65,31080.16,48,4726.068368983405,7.3,,
HLA-B*27:05,8,2,9,8,QWIILGLN,28.0,29645.45,43,8007.556285067021,13,,
HLA-B*27:05,6,2,9,8,KWIIMGLN,28.5,30209.51,45,7370.551753379362,12,,
HLA-B*27:05,21,3,12,10,LKGLRLGWEG,29.0,21171.64,25,17834.87213242242,33,,
HLA-B*27:05,7,2,9,8,KWIVLGLN,31.0,30159.54,45,10678.247925391011,17,,
HLA-B*27:05,21,3,13,11,LKGLRLGWEGL,34.5,23335.49,29,18585.746101938792,40,,
HLA-B*27:05,3,2,9,8,GWIILGLN,35.5,33430.66,57,9088.662990655886,14,,
HLA-B*27:05,21,2,13,12,SLKGLRLGWEGL,36.0,26715.51,36,,,,
HLA-B*27:05,21,1,8,8,SSLKGLRL,36.5,30769.32,47,17926.685523655273,26,,
HLA-B*27:05,9,2,9,8,QWIIMGLN,36.5,31317.8,49,16424.796596746415,24,,
HLA-B*27:05,21,8,15,8,LGWEGLKY,37.0,31039.16,48,17640.057644764147,26,,
HLA-B*27:05,21,1,13,13,SSLKGLRLGWEGL,38.0,27478.62,38,,,,
HLA-B*27:05,21,4,12,9,KGLRLGWEG,42.0,20798.81,25,66922.16771434095,42,0.008798324994418663,86
HLA-B*27:05,13,3,10,8,WIIIGLNK,42.0,30331.02,45,29006.81198693156,39,,
HLA-B*27:05,7,3,10,8,WIVLGLNK,43.5,31664.65,50,26576.635495543116,37,,
HLA-B*27:05,19,2,9,8,TWIILGLN,45.0,37440.62,76,8984.625925706867,14,,
HLA-B*27:05,8,3,10,8,WIILGLNK,47.0,30061.81,45,40411.03745134908,49,,
HLA-B*27:05,3,3,10,8,WIILGLNK,47.0,30061.81,45,40411.03745134908,49,,
HLA-B*27:05,5,3,10,8,WIILGLNK,47.0,30061.81,45,40411.03745134908,49,,
HLA-B*27:05,14,3,10,8,WIILGLNK,47.0,30061.81,45,40411.03745134908,49,,
HLA-B*27:05,6,3,10,8,WIIMGLNK,47.0,31098.32,48,37540.49544720844,46,,
HLA-B*27:05,20,3,10,8,WIIMGLNK,47.0,31098.32,48,37540.49544720844,46,,
HLA-B*27:05,16,3,10,8,WIIMGLNK,47.0,31098.32,48,37540.49544720844,46,,
HLA-B*27:05,9,3,10,8,WIIMGLNK,47.0,31098.32,48,37540.49544720844,46,,
HLA-B*27:05,19,3,10,8,WIILGLNK,47.0,30061.81,45,40411.03745134908,49,,
HLA-B*27:05,21,1,9,9,SSLKGLRLG,48.0,30399.03,46,87010.16655822773,48,0.003698281797802663,65
HLA-B*27:05,21,2,11,10,SLKGLRLGWE,49.5,29736.04,44,44799.17331714007,55,,
HLA-B*27:05,20,2,9,8,TWIIMGLN,52.5,37969.32,78,18428.924889705555,27,,
HLA-B*27:05,21,1,10,10,SSLKGLRLGW,54.5,26339.23,35,102392.93692586404,74,,
HLA-B*27:05,21,1,12,12,SSLKGLRLGWEG,56.0,33250.28,56,,,,
HLA-B*27:05,21,2,9,8,SLKGLRLG,56.0,34802.16,63,41162.33473027665,49,,
HLA-B*27:05,21,2,12,11,SLKGLRLGWEG,57.5,33326.28,56,37685.996200311354,59,,
HLA-B*27:05,4,1,8,8,KKKGGIGG,58.5,31392.09,49,77179.15155850127,68,,
HLA-B*27:05,21,1,11,11,SSLKGLRLGWE,66.5,32802.18,54,81316.74760457056,79,,
HLA-B*27:05,21,5,12,8,GLRLGWEG,71.0,38038.82,79,64491.13198681068,63,,
HLA-B*27:05,21,3,11,9,LKGLRLGWE,75.0,29682.36,43,309435.4026200957,75,0.010626738654024654,89
